question_id,gpt0_min,gpt0_max,gpt0_final,gpt1_min,gpt1_max,gpt1_final,gpt2_min,gpt2_max,gpt2_final,gpt3_min,gpt3_max,gpt3_final,gpt4_min,gpt4_max,gpt4_final,claude0_min,claude0_max,claude0_final,claude1_min,claude1_max,claude1_final,claude2_min,claude2_max,claude2_final,claude3_min,claude3_max,claude3_final,claude4_min,claude4_max,claude4_final
28336,0.1,0.2,0.1,0.1,0.1,0.1,0.1,0.1,0.1,0.1,0.1,0.1,0.1,0.1,0.1,0.1,0.5,0.1,0.0,0.1,0.01,0.1,0.2,0.15,0.1,1.0,0.2,0.1,0.2,0.1
28335,95.0,99.0,97.5,85.0,95.0,90.0,85.0,95.0,90.0,92.0,98.0,95.0,85.0,95.0,90.0,95.0,99.0,97.5,95.0,99.0,97.5,85.0,95.0,90.0,95.5,99.5,98.5,95.5,99.0,98.0
28334,25.0,45.0,35.0,25.0,45.0,35.0,25.0,35.0,30.0,15.0,25.0,20.0,20.0,40.0,30.0,15.0,30.0,22.5,15.0,35.0,25.0,15.0,35.0,25.0,15.0,35.0,25.0,30.0,60.0,45.0
28306,70.0,90.0,80.0,60.0,80.0,70.0,70.0,90.0,80.0,75.0,95.0,85.0,60.0,80.0,70.0,55.0,75.0,65.0,65.0,80.0,72.5,70.0,85.0,78.5,75.0,85.0,80.0,75.0,90.0,85.0
28305,5.0,15.0,10.0,10.0,15.0,12.5,1.0,10.0,5.0,5.0,15.0,10.0,10.0,20.0,15.0,1.5,6.5,3.5,5.5,15.5,10.5,5.0,15.0,10.0,2.5,7.5,5.0,25.0,35.0,30.0
28304,10.0,30.0,20.0,20.0,35.0,27.5,20.0,40.0,30.0,10.0,30.0,20.0,10.0,30.0,20.0,5.0,15.0,10.0,85.0,95.0,90.0,35.0,65.0,55.0,15.0,35.0,25.0,75.0,90.0,85.0
28303,5.0,15.0,10.0,10.0,30.0,20.0,10.0,30.0,20.0,20.0,35.0,25.0,20.0,35.0,25.0,70.0,85.0,78.0,75.0,85.0,80.0,60.0,80.0,70.0,65.0,85.0,75.0,35.0,55.0,45.0
28302,25.0,35.0,30.0,55.0,65.0,60.0,65.0,80.0,72.5,20.0,40.0,30.0,25.0,35.0,30.0,65.0,80.0,72.5,5.5,15.5,10.5,40.0,60.0,45.0,45.0,55.0,48.0,10.0,25.0,15.0
28301,80.0,95.0,90.0,65.0,85.0,75.0,70.0,90.0,80.0,67.5,82.5,75.0,70.0,90.0,80.0,65.0,85.0,75.0,70.0,85.0,78.5,75.0,90.0,85.0,75.0,90.0,82.5,65.0,85.0,75.0
28300,5.0,15.0,10.0,5.0,15.0,10.0,5.0,15.0,10.0,20.0,45.0,32.5,35.0,65.0,45.0,15.0,40.0,25.0,0.1,5.0,1.0,0.5,5.0,2.0,0.5,5.0,2.0,2.5,7.5,5.0
28292,55.0,75.0,65.0,65.0,85.0,74.0,45.0,55.0,50.0,55.0,75.5,65.25,40.0,60.0,50.0,35.0,45.0,40.0,55.0,65.0,60.0,40.0,60.0,51.0,40.0,60.0,51.0,55.0,65.0,60.0
28291,75.0,90.0,82.5,50.0,75.0,62.5,75.0,90.0,82.5,70.0,85.0,77.5,70.0,85.0,77.0,92.5,97.5,95.0,45.0,75.0,60.0,85.0,95.0,90.0,65.0,85.0,75.0,65.0,85.0,75.0
28290,80.0,95.0,88.0,70.0,85.0,77.5,60.0,80.0,70.0,60.0,80.0,70.0,25.0,60.0,45.0,75.0,95.0,85.0,95.0,99.0,97.5,20.0,40.0,30.0,70.0,90.0,80.0,35.0,55.0,45.0
28245,55.0,75.0,65.0,55.0,65.0,60.0,60.0,75.0,67.5,45.0,65.0,55.0,40.0,60.0,50.0,40.0,60.0,55.0,55.0,75.0,65.0,35.0,65.0,45.0,35.0,65.0,55.0,35.0,55.0,45.0
28244,55.0,75.0,65.0,30.0,60.0,45.0,40.0,70.0,55.0,55.0,75.0,65.0,60.0,75.0,67.5,55.0,75.0,65.0,40.0,70.0,55.0,25.0,45.0,35.0,55.0,75.0,65.0,60.0,80.0,70.0
28243,10.0,30.0,15.0,5.0,15.0,9.0,5.0,15.0,10.0,1.0,10.0,5.0,5.0,15.0,10.0,5.0,15.0,10.0,5.0,15.0,10.0,5.0,15.0,10.0,15.0,35.0,25.0,1.5,8.0,3.5
28210,5.0,15.0,8.0,10.0,20.0,10.0,5.0,20.0,10.0,10.0,25.0,15.0,10.0,25.0,15.0,5.0,20.0,12.5,5.0,15.0,10.0,25.0,45.0,35.0,15.0,35.0,25.0,5.0,15.0,10.0
28209,10.0,25.0,15.0,10.0,30.0,20.0,5.0,15.0,10.0,20.0,40.0,26.5,15.0,30.0,22.0,25.0,45.0,35.0,15.0,35.0,25.0,5.0,20.0,10.0,15.0,35.0,25.0,25.0,45.0,35.0
28208,5.0,15.0,10.0,5.0,9.0,7.0,5.0,15.0,10.0,15.0,25.0,18.5,5.0,15.0,10.0,15.0,35.0,25.0,5.0,20.0,10.0,5.0,20.0,12.5,5.0,15.0,8.0,5.0,25.0,15.0
28207,55.0,70.0,62.5,30.0,50.0,40.0,40.0,75.0,55.0,30.0,50.0,40.0,40.0,70.0,55.0,30.0,60.0,45.0,35.0,65.0,50.0,55.0,65.0,60.0,35.0,65.0,50.0,55.0,75.0,65.0
28206,60.0,75.0,67.5,50.0,75.0,62.5,75.0,90.0,82.0,60.0,80.0,70.0,40.0,70.0,55.0,60.0,80.0,70.0,60.0,80.0,70.0,55.0,75.0,65.0,60.0,80.0,70.0,55.0,75.0,65.0
28205,35.0,65.0,50.0,30.0,50.0,40.0,20.0,50.0,35.0,45.0,65.0,55.0,35.0,65.0,50.0,65.0,80.0,72.5,30.0,60.0,45.0,55.0,75.0,65.0,60.0,80.0,70.0,65.0,85.0,75.0
28204,70.0,90.0,80.0,70.0,90.0,80.0,70.0,90.0,80.0,30.0,50.0,40.0,20.0,30.0,25.0,30.0,45.0,37.5,85.0,95.0,90.0,85.0,92.0,88.53,60.0,75.0,67.5,70.0,85.0,80.0
28156,20.0,35.0,25.0,10.0,30.0,20.0,10.0,30.0,20.0,20.0,40.0,30.0,25.0,45.0,33.0,15.0,30.0,22.5,5.0,15.0,10.0,15.0,30.0,20.0,25.0,45.0,35.0,25.0,45.0,35.0
28155,65.0,85.0,75.0,30.0,50.0,40.0,35.0,55.0,45.0,10.0,30.0,20.0,35.0,55.0,45.0,40.0,60.0,50.0,70.0,85.0,77.5,75.0,85.0,80.0,25.0,45.0,35.0,65.0,85.0,75.0
28154,0.1,0.5,0.1,0.1,5.0,1.0,0.1,5.0,0.5,10.0,30.0,20.0,0.1,5.0,1.0,0.1,1.0,0.25,0.1,0.5,0.2,0.1,1.0,0.25,0.1,1.0,0.25,0.1,1.0,0.25
28070,65.0,80.0,72.0,60.0,75.0,67.5,70.0,85.0,77.5,55.0,65.0,60.0,55.0,70.0,62.5,95.0,99.0,97.5,95.5,99.0,98.0,95.0,99.0,97.5,95.0,99.0,97.5,95.0,99.5,98.5
28069,60.0,75.0,67.5,60.0,80.0,70.0,45.0,65.0,55.0,50.0,70.0,60.0,60.0,80.0,70.0,75.0,90.0,85.0,85.0,95.0,90.0,25.0,45.0,35.0,95.0,99.5,98.0,30.0,70.0,50.0
28046,60.0,75.0,70.0,75.0,85.0,80.0,60.0,80.0,70.0,40.0,60.0,50.0,60.0,80.0,70.0,85.0,95.0,90.0,65.0,85.0,75.0,85.0,95.0,90.0,85.5,95.5,90.5,85.0,95.0,90.0
28045,80.0,97.0,88.0,90.0,95.0,92.5,95.0,99.9,97.0,25.0,28.0,27.0,25.0,28.5,27.5,25.5,29.0,27.5,24.0,30.0,27.0,60.0,70.0,65.0,25.0,29.0,27.0,25.5,29.5,27.5
28044,0.0,25.0,0.0,10.0,30.0,27.5,10.0,99.9,25.0,25.0,29.0,27.0,28.0,29.5,28.5,25.5,28.5,27.0,15.0,25.0,20.0,15.0,25.0,20.0,15.0,25.0,20.0,10.0,20.0,15.0
28043,0.5,3.0,2.0,0.1,5.0,2.5,1.0,2.0,1.5,0.1,5.0,2.5,3.0,8.0,5.0,4.5,14.5,9.5,2.0,10.0,5.0,2.0,10.0,5.0,26.5,31.0,28.5,4.5,8.5,6.5
28042,20.0,32.0,27.0,1.0,5.0,3.0,20.0,30.0,27.0,3.0,10.0,5.0,20.0,30.0,27.0,25.5,31.0,28.0,25.5,30.5,28.0,2.0,15.0,5.0,25.5,30.5,28.0,3.0,15.0,7.0
28041,15.0,20.0,17.5,20.0,30.0,25.0,25.0,35.0,30.0,5.0,15.0,10.0,10.0,40.0,25.0,15.0,35.0,25.0,15.0,35.0,25.0,25.0,45.0,35.0,15.0,35.0,25.0,25.0,45.0,35.0
28040,15.0,25.0,20.0,20.0,35.0,27.5,15.0,35.0,25.0,20.0,35.0,25.0,15.0,35.0,25.0,15.0,30.0,22.5,15.0,35.0,25.0,20.0,35.0,27.0,20.0,35.0,27.5,5.5,15.5,10.0
28039,5.0,15.0,10.0,10.0,30.0,20.0,10.0,25.0,20.0,18.0,25.0,21.5,10.0,30.0,20.0,25.0,45.0,35.0,30.0,45.0,37.5,30.0,50.0,40.0,25.0,35.0,30.0,25.0,45.0,35.0
28038,20.0,35.0,27.5,10.0,20.0,15.0,10.0,30.0,20.0,15.0,30.0,22.5,20.0,40.0,30.0,35.0,45.0,40.0,30.0,50.0,40.0,35.0,45.0,40.0,35.0,55.0,45.0,30.0,50.0,40.0
28037,45.0,75.0,60.0,50.0,75.0,65.0,40.0,70.0,55.0,55.0,70.0,62.5,35.0,60.0,45.0,75.0,85.0,80.0,76.5,86.5,81.5,70.0,90.0,82.5,55.0,75.0,65.0,70.0,85.0,78.5
28024,65.0,80.0,72.5,75.0,95.0,85.0,70.0,90.0,80.0,50.0,70.0,60.0,70.0,90.0,80.0,5.0,15.0,10.0,28.5,42.0,35.0,75.0,85.0,80.0,35.0,65.0,50.0,5.0,15.0,10.0
28022,80.0,95.0,88.0,75.0,95.0,90.0,60.0,80.0,75.0,65.0,85.0,75.0,60.0,80.0,70.0,15.0,35.0,25.0,15.0,35.0,25.0,15.0,45.0,30.0,25.0,55.0,40.0,10.0,25.0,15.0
28021,60.0,75.0,67.5,54.0,62.0,58.0,75.0,67.5,67.5,52.0,64.0,57.0,52.0,68.0,60.0,52.5,62.5,57.5,55.0,65.0,60.0,55.0,65.0,60.0,55.0,65.0,60.0,52.5,62.5,57.5
28020,20.0,35.0,27.5,30.0,60.0,45.0,25.0,45.0,35.0,25.0,50.0,40.0,50.0,80.0,65.0,25.0,75.0,55.0,65.0,85.0,75.0,40.0,70.0,55.0,55.0,75.0,65.0,30.0,60.0,45.0
28008,30.0,60.0,45.0,40.0,60.0,50.0,20.0,35.0,25.0,10.0,50.0,30.0,60.0,80.0,70.0,25.0,45.0,35.0,25.0,35.0,30.0,35.0,55.0,45.0,40.0,55.0,47.5,40.0,60.0,55.0
28007,10.0,20.0,15.0,10.0,30.0,20.0,10.0,25.0,17.5,20.0,40.0,30.0,15.0,25.0,20.0,15.0,30.0,22.5,5.0,15.0,10.0,85.0,95.0,90.0,1.5,5.0,2.5,15.0,25.0,20.0
28006,40.0,60.0,50.0,60.0,80.0,70.0,75.0,90.0,82.5,60.0,85.0,72.0,60.0,80.0,70.0,65.0,85.0,75.0,65.0,85.0,75.0,75.0,90.0,82.5,65.0,85.0,75.0,75.0,90.0,82.5
27969,20.0,45.0,32.5,35.0,55.0,45.0,25.0,40.0,32.5,35.0,45.0,40.0,30.0,50.0,40.0,25.0,45.0,35.0,15.0,35.0,25.0,20.0,40.0,30.0,25.0,45.0,35.0,25.0,45.0,35.0
27968,60.0,80.0,70.0,70.0,85.0,77.5,65.0,85.0,75.0,65.0,85.0,75.0,65.0,85.0,75.0,75.0,90.0,82.5,75.0,90.0,82.5,65.0,85.0,75.0,75.0,90.0,85.0,75.0,90.0,82.5
27967,15.0,30.0,22.5,15.0,30.0,22.5,85.0,95.0,90.0,85.0,95.0,90.0,60.0,75.0,67.5,10.0,25.0,15.0,5.0,15.0,10.0,15.0,35.0,25.0,15.0,35.0,25.0,10.0,25.0,15.0
27966,70.0,90.0,80.0,70.0,90.0,80.0,85.0,95.0,90.0,80.0,90.0,85.0,70.0,90.0,80.0,85.0,95.0,90.0,95.0,99.0,97.5,95.0,99.0,97.5,85.0,95.0,90.0,92.5,97.5,95.0
27935,55.0,70.0,62.5,55.0,70.0,62.0,60.0,80.0,70.0,30.0,60.0,45.0,30.0,60.0,45.0,16.2,18.5,17.3,16.8,18.5,17.7,17.5,19.5,18.5,65.0,80.0,72.5,16.5,19.5,18.2
27934,60.0,80.0,70.0,40.0,60.0,50.0,65.0,85.0,75.0,17.0,18.0,17.5,40.0,60.0,50.0,15.5,19.5,17.75,15.5,18.5,17.5,40.0,60.0,50.0,35.0,45.0,40.0,40.0,60.0,50.0
27933,20.0,30.0,25.0,5.0,25.0,20.0,10.0,25.0,15.0,50.0,70.0,60.0,60.0,80.0,70.0,15.5,18.5,17.3,15.8,17.2,16.7,16.2,17.3,16.8,16.5,17.5,17.0,65.0,75.0,70.0
27932,5.0,15.0,10.0,5.0,15.0,10.0,25.0,15.0,15.0,10.0,30.0,15.0,5.0,10.0,7.5,15.8,17.5,16.7,16.8,18.2,17.5,16.0,17.5,16.8,15.5,18.5,17.3,16.5,18.0,17.2
27920,25.0,45.0,35.0,35.0,55.0,45.0,20.0,40.0,30.0,30.0,50.0,40.0,15.0,35.0,25.0,15.0,35.0,25.0,30.0,60.0,45.0,30.0,60.0,45.0,25.0,45.0,35.0,25.0,45.0,35.0
27919,65.0,85.0,75.0,55.0,75.0,65.0,60.0,80.0,70.0,65.0,75.0,70.0,60.0,80.0,70.0,45.0,75.0,60.0,40.0,70.0,55.0,40.0,70.0,55.0,55.0,75.0,65.0,40.0,70.0,55.0
27918,90.0,99.9,95.5,90.0,99.9,98.0,95.0,99.9,98.0,90.0,99.9,97.5,95.0,99.9,98.5,97.5,99.9,99.0,95.0,99.0,97.5,92.5,98.5,96.0,95.0,99.5,98.0,95.0,99.5,98.0
27914,70.0,90.0,80.0,65.0,85.0,75.0,70.0,90.0,80.0,75.0,90.0,82.5,70.0,85.0,80.0,75.0,90.0,85.0,75.0,90.0,85.0,75.0,90.0,85.0,75.0,90.0,85.0,75.0,85.0,80.0
27913,60.0,80.0,70.0,55.0,75.0,65.0,60.0,80.0,70.0,40.0,70.0,55.0,60.0,80.0,70.0,40.0,60.0,52.0,55.0,75.0,65.0,45.0,70.0,60.0,40.0,70.0,55.0,40.0,65.0,55.0
27912,55.0,75.0,65.0,60.0,80.0,70.0,70.0,90.0,80.0,65.0,80.0,72.5,70.0,90.0,80.0,35.0,65.0,50.0,65.0,85.0,75.0,35.0,65.0,50.0,30.0,60.0,45.0,25.0,45.0,35.0
27911,55.0,75.0,65.0,30.0,55.0,42.5,60.0,80.0,70.0,55.0,75.0,65.0,60.0,80.0,70.0,30.0,60.0,45.0,25.0,45.0,35.0,20.0,40.0,30.0,75.0,90.0,85.0,65.0,85.0,75.0
27897,10.0,25.0,18.0,15.0,25.0,20.0,10.0,20.0,15.0,20.0,35.0,27.5,5.0,15.0,10.0,5.0,20.0,10.0,5.0,20.0,10.0,15.0,35.0,25.0,15.0,30.0,22.5,10.0,30.0,20.0
27895,5.0,15.0,10.0,5.0,15.0,10.0,5.0,10.0,7.5,10.0,30.0,20.0,10.0,30.0,20.0,0.2,2.0,0.5,0.1,2.0,0.5,0.5,5.0,2.0,0.2,2.0,0.5,0.5,3.0,1.5
27887,20.0,35.0,27.5,15.0,25.0,20.0,30.0,50.0,40.0,20.0,55.0,35.0,20.0,40.0,30.0,45.0,65.0,55.0,30.0,55.0,42.5,25.0,45.0,35.0,30.0,60.0,45.0,35.0,55.0,45.0
27886,75.0,85.0,80.0,75.0,90.0,82.5,70.0,90.0,80.0,70.0,90.0,80.0,75.0,90.0,82.5,70.0,85.0,77.5,75.0,90.0,85.0,75.0,85.0,80.0,75.0,90.0,82.5,60.0,75.0,67.5
27885,20.0,40.0,30.0,10.0,30.0,20.0,30.0,60.0,45.0,10.0,30.0,15.0,15.0,35.0,25.0,35.0,65.0,50.0,30.0,60.0,45.0,75.0,95.0,85.0,35.0,65.0,50.0,35.0,65.0,50.0
27877,75.0,90.0,82.5,70.0,85.0,77.5,70.0,90.0,80.0,65.0,80.0,72.5,80.0,95.0,87.5,75.0,90.0,82.5,75.0,90.0,85.0,75.0,90.0,82.5,75.0,90.0,82.5,85.0,95.0,90.0
27876,40.0,60.0,50.0,35.0,55.0,45.0,30.0,50.0,40.0,25.0,45.0,35.0,35.0,55.0,45.0,55.0,75.0,65.0,55.0,75.0,65.0,45.0,65.0,55.0,55.0,75.0,65.0,30.0,60.0,45.0
27804,0.1,5.0,1.0,1.0,5.0,3.0,0.5,1.5,0.75,5.0,15.0,10.0,1.0,5.0,2.5,1.5,8.0,3.5,5.0,20.0,10.0,3.5,12.0,7.25,5.0,20.0,10.0,2.5,7.5,5.0
27791,40.0,65.0,50.0,20.0,40.0,30.0,60.0,80.0,70.0,5.0,15.0,10.0,40.0,60.0,50.0,15.0,35.0,25.0,0.1,1.0,0.5,15.0,30.0,20.0,0.1,5.0,0.5,5.0,15.0,10.0
27790,5.0,10.0,7.5,5.0,15.0,10.0,5.0,15.0,10.0,5.0,15.0,10.0,10.0,30.0,15.0,5.0,15.0,10.0,15.0,25.0,20.0,15.0,35.0,25.0,15.0,35.0,25.0,15.0,35.0,25.0
27789,20.0,35.0,27.5,20.0,40.0,30.0,20.0,40.0,30.0,30.0,50.0,40.0,10.0,30.0,20.0,15.0,30.0,22.5,5.0,15.0,10.0,30.0,60.0,45.0,15.0,35.0,25.0,1.5,5.0,3.0
27788,55.0,75.0,65.0,55.0,75.0,65.0,55.0,65.0,60.0,40.0,60.0,50.0,55.0,75.0,65.0,45.0,65.0,55.0,55.0,75.0,65.0,65.0,85.0,75.0,25.0,60.0,40.0,60.0,75.0,67.5
27749,35.0,55.0,45.0,40.0,60.0,50.0,40.0,60.0,50.0,35.0,65.0,50.0,40.0,60.0,50.0,25.0,45.0,35.0,30.0,45.0,37.5,25.0,45.0,35.0,25.0,45.0,35.0,25.0,40.0,32.5
27748,10.0,25.0,18.0,5.0,15.0,10.0,5.0,15.0,10.0,15.0,30.0,20.0,20.0,30.0,25.0,15.0,30.0,22.5,12.5,22.5,17.5,10.0,25.0,15.0,15.0,30.0,22.5,20.0,40.0,30.0
27747,40.0,75.0,60.0,65.0,85.0,75.0,55.0,75.0,65.0,55.0,75.0,65.0,35.0,55.0,45.0,30.0,45.0,37.5,35.0,55.0,45.0,35.0,55.0,45.0,55.0,65.0,60.0,35.0,55.0,45.0
27746,60.0,80.0,70.0,60.0,80.0,70.0,60.0,80.0,70.0,65.0,85.0,75.0,60.0,80.0,70.0,45.0,65.0,55.0,40.0,60.0,50.0,55.0,75.0,65.0,55.0,70.0,62.5,35.0,55.0,45.0
27745,60.0,80.0,70.0,38.0,62.0,50.0,65.0,85.0,75.0,35.0,65.0,50.0,65.0,85.0,75.0,55.0,75.0,65.0,70.0,90.0,80.0,55.0,75.0,65.0,55.0,75.0,65.0,55.0,75.0,65.0
27733,85.0,95.0,90.0,85.0,97.0,91.0,80.0,95.0,90.0,85.0,95.0,92.0,85.0,95.0,92.0,75.0,90.0,85.0,75.0,90.0,85.0,80.0,95.0,87.5,80.0,90.0,85.0,75.0,90.0,85.0
27732,25.0,45.0,35.0,15.0,30.0,22.5,15.0,25.0,20.0,10.0,25.0,17.5,25.0,40.0,32.0,5.0,30.0,15.0,35.0,75.0,55.0,30.0,60.0,45.0,35.0,65.0,50.0,15.0,35.0,25.0
27723,18.0,30.0,23.41,40.0,60.0,50.0,10.0,30.0,20.0,20.0,30.0,25.0,15.0,30.0,22.5,20.0,45.0,32.5,25.0,45.0,35.0,30.0,60.0,45.0,15.0,45.0,30.0,25.0,45.0,35.0
27722,5.0,15.0,8.0,5.0,15.0,10.0,1.0,10.0,5.0,10.0,25.0,15.0,10.0,20.0,15.0,0.1,2.0,0.5,0.5,5.0,2.0,1.5,8.0,3.5,0.1,2.0,0.5,1.5,8.0,3.5
27721,30.0,50.0,40.0,20.0,40.0,30.0,15.0,35.0,25.0,15.0,30.0,22.5,25.0,34.0,29.0,0.5,5.0,2.0,5.0,15.0,10.0,5.5,15.5,10.5,5.5,15.5,10.0,15.0,35.0,25.0
27720,85.0,98.0,94.0,83.0,93.0,88.0,75.0,90.0,85.0,70.0,85.0,77.5,65.0,85.0,75.0,60.0,75.0,67.5,65.0,85.0,75.0,92.5,98.5,96.0,65.0,80.0,72.5,65.0,80.0,72.5
27640,60.0,80.0,70.0,40.0,70.0,55.0,15.0,30.0,22.0,35.0,65.0,50.0,60.0,80.0,70.0,40.0,70.0,55.0,40.0,70.0,55.0,40.0,70.0,55.0,30.0,60.0,45.0,30.0,60.0,45.0
27639,70.0,90.0,80.0,70.0,85.0,77.5,70.0,90.0,80.5,70.0,85.0,80.0,85.0,95.0,89.0,85.0,95.0,90.0,75.0,90.0,82.5,75.0,90.0,82.5,75.0,85.0,80.0,85.0,95.0,90.0
27638,20.0,40.0,30.0,15.0,35.0,25.0,15.0,25.0,20.0,15.0,30.0,22.5,10.0,30.0,20.0,10.0,25.0,15.0,30.0,60.0,45.0,5.0,20.0,10.0,5.0,15.0,10.0,5.0,15.0,10.0
27637,10.0,40.0,25.0,20.0,40.0,30.0,20.0,40.0,30.0,15.0,30.0,25.0,15.0,35.0,25.0,10.0,30.0,20.0,10.0,30.0,20.0,5.0,20.0,10.0,15.0,35.0,25.0,10.0,30.0,20.0
27610,0.1,5.0,2.5,5.0,15.0,10.0,5.0,15.0,8.0,5.0,15.0,10.0,5.0,10.0,7.5,0.5,5.0,2.0,5.0,15.0,10.0,0.1,2.0,0.5,0.5,5.0,2.0,0.5,5.0,2.0
27609,60.0,80.0,70.0,25.0,45.0,35.0,60.0,80.0,70.0,35.0,60.0,47.5,20.0,40.0,30.0,30.0,60.0,45.0,55.0,75.0,65.0,15.0,30.0,22.5,40.0,75.0,60.0,10.0,30.0,20.0
27608,65.0,85.0,75.0,65.0,85.0,75.0,65.0,80.0,72.5,60.0,75.0,67.5,60.0,80.0,70.0,55.0,75.0,65.0,25.0,55.0,40.0,55.0,75.0,65.0,35.0,65.0,50.0,60.0,80.0,70.0
27607,40.0,65.0,52.5,25.0,45.0,32.5,30.0,70.0,50.0,10.0,35.0,22.5,30.0,50.0,40.0,60.0,80.0,70.0,40.0,70.0,55.0,30.0,60.0,45.0,40.0,70.0,55.0,30.0,60.0,45.0
27606,35.0,55.0,45.0,30.0,50.0,40.0,45.0,70.0,57.5,55.0,75.0,65.0,45.0,60.0,52.5,40.0,60.0,50.0,55.0,75.0,65.0,60.0,80.0,70.0,35.0,65.0,50.0,40.0,70.0,55.0
27605,5.0,10.0,7.5,5.0,15.0,7.5,5.0,10.0,7.5,1.0,5.0,2.5,5.0,15.0,10.0,0.1,1.0,0.5,0.5,5.0,2.0,0.1,2.0,0.5,1.5,8.0,3.0,0.1,5.0,1.0
27604,5.0,15.0,10.0,5.0,15.0,10.0,5.0,25.0,15.0,10.1,25.0,15.0,1.0,5.0,2.5,15.0,35.0,25.0,15.0,35.0,25.0,5.0,20.0,10.0,15.0,35.0,25.0,15.0,35.0,25.0
27603,5.0,15.0,10.0,10.0,30.0,20.0,20.0,40.0,30.0,10.0,30.0,20.0,5.0,15.0,10.0,5.0,15.0,10.0,15.0,35.0,25.0,15.0,35.0,25.0,2.5,12.5,5.0,5.0,15.0,10.0
27602,5.0,15.0,10.0,20.0,40.0,30.0,20.0,45.0,35.0,20.0,35.0,27.5,10.0,25.0,15.0,15.0,35.0,25.0,15.0,35.0,25.0,5.0,15.0,10.0,15.0,35.0,25.0,20.0,45.0,32.5
27584,35.0,55.0,45.0,25.0,60.0,40.0,20.0,40.0,30.0,45.0,65.0,55.0,15.0,30.0,22.0,40.0,70.0,55.0,25.0,45.0,35.0,30.0,60.0,45.0,25.0,60.0,40.0,40.0,70.0,55.0
27583,20.0,40.0,30.0,35.0,65.0,50.0,25.0,55.0,40.0,35.0,45.0,40.0,30.0,55.0,42.5,25.0,45.0,35.0,5.0,15.0,10.0,20.0,45.0,32.5,15.0,35.0,25.0,5.0,20.0,10.0
27582,30.0,25.0,25.0,20.0,35.0,27.5,18.0,32.0,25.0,26.0,45.0,35.0,25.0,45.0,35.0,25.0,45.0,35.0,15.0,45.0,30.0,15.0,35.0,25.0,5.0,15.0,8.5,5.0,15.0,10.0
27581,55.0,75.0,65.0,50.0,70.0,60.0,10.0,30.0,20.0,30.0,55.0,41.5,60.0,85.0,72.5,20.0,40.0,30.0,55.0,75.0,65.0,40.0,70.0,55.0,10.0,30.0,20.0,65.0,85.0,75.0
27576,10.0,20.0,15.5,13.25,22.5,18.75,5.0,15.0,10.0,5.0,15.0,10.0,8.0,15.0,10.0,1.5,7.5,3.5,5.0,15.0,10.0,5.5,15.5,10.5,2.5,12.5,7.5,5.0,15.0,8.5
27548,5.0,15.0,10.0,2.5,7.5,4.0,0.6,2.5,1.0,0.1,4.0,2.0,0.1,5.0,2.5,0.5,5.0,2.0,1.5,8.0,3.5,0.1,5.0,0.5,5.0,20.0,10.0,5.0,15.0,10.0
27547,5.0,15.0,10.0,0.1,5.0,1.0,0.1,5.0,1.0,10.0,20.0,15.0,1.0,5.0,2.0,0.1,2.0,0.5,1.0,10.0,5.0,0.5,5.0,2.0,0.1,5.0,0.5,15.0,35.0,25.0
27546,5.0,15.0,10.0,5.0,15.0,10.0,0.5,5.0,2.0,0.1,2.0,1.0,2.0,10.0,5.0,5.0,15.0,10.0,5.0,15.0,10.0,1.5,8.0,3.5,5.0,15.0,10.0,2.0,15.0,5.0
27545,5.0,10.0,7.5,5.0,15.0,10.0,5.0,15.0,10.0,5.0,20.0,10.0,10.0,20.0,15.0,5.0,15.0,10.0,5.0,15.0,10.0,5.0,20.0,10.0,5.0,20.0,10.0,5.0,15.0,10.0
27539,0.1,1.0,0.5,0.5,5.0,1.0,0.5,5.0,2.0,0.5,2.0,1.0,0.5,5.0,2.0,0.15,0.45,0.3,0.1,1.5,0.5,0.1,1.0,0.3,0.1,0.5,0.2,0.1,1.5,0.5
27538,0.5,5.0,2.5,1.0,3.0,2.0,0.5,2.0,1.0,0.5,5.0,2.75,0.5,5.0,2.5,0.1,1.0,0.3,0.1,2.0,0.5,0.1,1.0,0.25,0.1,2.0,0.5,0.1,1.0,0.3
27524,40.0,60.0,50.0,20.0,35.0,27.5,15.0,35.0,25.0,20.0,35.0,28.5,20.0,30.0,25.0,25.0,45.0,35.0,35.0,65.0,50.0,60.0,80.0,70.0,60.0,80.0,70.0,60.0,80.0,70.0
27523,25.0,50.0,37.5,23.0,43.0,33.0,25.0,40.0,32.5,35.0,60.0,45.0,40.0,60.0,50.0,10.0,25.0,15.0,10.0,25.0,15.0,8.5,18.5,13.5,75.0,90.0,82.5,5.5,15.5,10.5
27522,5.0,15.0,10.0,5.0,15.0,10.0,5.0,15.0,10.0,1.0,5.0,3.0,5.0,15.0,90.0,20.0,40.0,30.0,5.0,15.0,10.0,5.0,15.0,10.0,5.0,15.0,10.0,5.0,20.0,10.0
27521,20.0,50.0,35.0,10.0,20.0,15.0,5.0,15.0,10.0,0.1,15.0,5.0,40.0,60.0,50.0,70.0,90.0,80.0,75.0,90.0,85.0,75.0,90.0,82.5,75.0,90.0,82.5,60.0,80.0,70.0
27515,65.0,85.0,75.0,75.0,90.0,85.0,80.0,95.0,87.5,85.0,95.0,90.0,85.0,95.0,90.0,65.0,85.0,75.0,65.0,80.0,72.5,70.0,85.0,78.0,75.0,90.0,82.5,65.0,85.0,75.0
27493,0.5,3.0,0.5,0.1,5.0,0.5,5.0,10.0,5.0,0.1,2.5,0.8,0.1,1.0,0.2,1.5,6.5,3.5,1.5,6.0,3.5,5.0,15.0,10.0,0.1,2.0,0.8,0.1,5.0,1.0
27492,10.0,25.0,15.0,5.0,15.0,7.5,0.1,0.5,0.15,0.1,10.0,2.5,0.1,5.0,1.0,5.0,15.0,10.0,10.0,15.0,12.5,5.0,15.0,10.0,0.1,0.4,0.2,5.0,15.0,10.0
27491,20.0,40.0,30.0,20.0,40.0,0.2,15.0,25.0,20.0,18.0,25.0,21.0,10.0,30.0,20.0,0.15,0.3,0.2,15.0,35.0,25.0,15.0,40.0,30.0,0.15,0.3,0.2,25.0,35.0,30.0
27490,70.0,90.0,80.0,40.0,60.0,50.0,88.0,94.0,91.0,30.0,70.0,50.0,65.0,85.0,75.0,60.0,75.0,70.0,45.0,65.0,55.0,65.0,80.0,72.5,30.0,60.0,45.0,65.0,75.0,70.0
27489,20.0,40.0,30.0,0.1,5.0,1.5,15.0,25.0,18.0,5.0,15.0,10.0,10.0,30.0,20.0,20.0,30.0,25.0,35.0,55.0,45.0,15.0,25.0,20.0,15.0,30.0,22.5,5.0,15.0,10.0
27488,5.0,15.0,10.0,5.0,15.0,7.5,5.0,15.0,10.0,1.0,5.0,1.5,1.0,3.0,1.5,0.1,5.0,2.0,1.5,3.5,2.5,0.1,15.0,6.0,0.1,0.2,0.15,0.1,3.0,1.5
27487,20.0,30.0,25.0,20.0,35.0,25.0,20.0,35.0,32.5,15.0,25.0,20.0,20.0,35.0,32.5,5.0,15.0,10.0,15.0,35.0,25.0,5.0,15.0,10.0,5.0,15.0,10.0,0.1,2.0,0.5
27486,25.0,40.0,30.0,20.0,35.0,24.5,20.0,35.0,32.0,20.0,35.0,25.0,25.0,35.0,32.5,20.0,40.0,30.0,15.0,35.0,25.0,20.0,35.0,27.5,10.0,20.0,15.0,20.0,40.0,30.0
27485,65.0,75.0,68.0,65.0,78.0,72.5,65.0,75.0,70.0,65.0,75.0,70.0,70.0,85.0,78.0,65.0,75.0,70.0,65.0,75.0,70.0,65.0,80.0,72.5,65.0,80.0,72.5,55.0,75.0,65.0
27484,25.0,40.0,33.0,5.0,20.0,10.5,10.0,25.0,15.0,60.0,80.0,72.5,5.0,15.0,8.0,5.0,15.0,10.0,20.0,40.0,30.0,25.0,45.0,35.0,75.0,90.0,85.0,20.0,40.0,30.0
27447,30.0,55.0,43.0,30.0,50.0,40.0,35.0,55.0,47.0,30.0,60.0,45.0,40.0,60.0,50.0,25.0,45.0,35.0,15.0,35.0,25.0,15.0,35.0,25.0,20.0,40.0,30.0,25.0,45.0,35.0
27283,35.0,55.0,45.0,40.0,70.0,55.0,40.0,60.0,50.0,45.0,70.0,57.5,35.0,65.0,50.0,25.0,45.0,35.0,15.0,35.0,25.0,10.0,30.0,20.0,15.0,35.0,25.0,15.0,30.0,22.5
27282,1.0,5.0,3.0,5.0,15.0,10.0,1.0,5.0,3.0,1.5,3.5,2.0,0.5,5.0,2.5,1.5,7.5,3.75,5.0,15.0,8.5,1.5,8.0,3.5,1.5,8.0,3.75,1.5,7.5,3.5
27281,65.0,85.0,75.0,55.0,70.0,62.5,40.0,60.0,50.0,40.0,60.0,50.0,30.0,50.0,40.0,75.0,90.0,85.0,75.0,90.0,82.5,75.0,95.0,85.0,75.0,90.0,82.5,75.0,90.0,82.5
27279,60.0,80.0,70.0,20.0,40.0,30.0,60.0,80.0,70.0,60.0,80.0,70.0,30.0,50.0,40.0,60.0,80.0,70.0,40.0,60.0,50.0,40.0,60.0,52.5,35.0,55.0,45.0,35.0,55.0,45.0
27278,85.0,95.0,90.0,70.0,90.0,80.0,75.0,90.0,82.5,75.0,85.0,80.0,60.0,80.0,70.0,60.0,80.0,70.0,75.0,85.0,80.0,70.0,85.0,78.5,85.0,95.0,90.0,65.0,85.0,75.0
27277,85.0,95.0,90.0,60.0,85.0,75.0,70.0,90.0,80.0,60.0,80.0,70.0,30.0,60.0,45.0,70.0,85.0,77.5,70.0,90.0,80.0,75.0,90.0,82.5,65.0,85.0,75.0,60.0,80.0,70.0
27263,20.0,40.0,30.0,25.0,35.0,30.0,30.0,50.0,40.0,40.0,60.0,50.0,40.0,60.0,50.0,55.0,75.0,65.0,30.0,60.0,45.0,55.0,75.0,65.0,55.0,75.0,65.0,55.0,75.0,65.0
27262,15.0,30.0,22.5,10.0,30.0,20.0,20.0,35.0,25.0,4.5,14.0,9.2,18.0,32.0,25.0,25.5,40.0,32.75,12.5,22.5,17.5,2.0,5.0,3.5,15.0,35.0,25.0,25.0,45.0,35.0
27261,45.0,65.0,55.0,49.0,63.0,56.0,40.0,60.0,50.0,50.0,75.0,62.5,55.0,75.0,65.0,55.0,75.0,65.0,65.0,85.0,75.0,75.0,90.0,82.5,65.0,85.0,75.0,70.0,85.0,78.5
27260,70.0,85.0,77.5,60.0,75.0,67.5,60.0,80.0,70.0,70.0,85.0,80.0,65.0,85.0,75.0,55.0,75.0,65.0,70.0,85.0,77.5,35.0,55.0,45.0,70.0,90.0,80.0,55.0,75.0,65.0
27259,40.0,70.0,55.0,15.0,40.0,25.0,35.0,60.0,47.5,20.0,40.0,30.0,30.0,50.0,40.0,20.0,40.0,30.0,5.0,15.0,10.0,15.0,35.0,25.0,10.0,25.0,15.0,5.0,20.0,10.0
27258,65.0,85.0,75.0,55.0,75.0,68.0,62.0,79.0,70.0,70.0,85.0,78.0,25.0,35.0,30.0,85.0,95.0,90.0,75.0,90.0,85.0,75.0,90.0,85.0,85.5,92.5,89.0,85.5,92.5,89.0
27248,5.0,15.0,10.0,5.0,15.0,10.0,5.0,15.0,10.0,10.0,30.0,20.0,5.0,15.0,10.0,5.0,15.0,10.0,20.0,40.0,30.0,5.0,25.0,15.0,15.0,45.0,30.0,15.0,45.0,30.0
27241,85.0,95.0,90.0,80.0,95.0,90.0,85.0,95.0,90.0,90.0,99.0,95.0,80.0,95.0,92.0,92.5,99.0,97.0,85.0,99.0,95.0,75.0,90.0,82.5,85.0,95.0,90.0,85.0,95.0,90.0
27240,85.0,95.0,90.5,80.0,95.0,90.0,80.0,95.0,90.0,85.0,95.0,92.0,85.0,95.0,90.0,60.0,75.0,67.5,75.0,95.0,85.0,75.0,95.0,85.0,40.0,60.0,55.0,5.0,15.0,10.0
27239,75.0,90.0,82.5,85.0,95.0,90.0,70.0,90.0,80.0,80.0,95.0,89.0,85.0,95.0,90.0,32.5,42.5,37.5,25.0,45.0,35.0,25.0,45.0,35.0,65.0,80.0,72.5,75.0,95.0,85.0
27238,20.0,30.0,25.0,30.0,45.0,37.5,30.0,50.0,40.0,20.0,30.0,25.0,20.0,35.0,25.0,25.0,45.0,35.0,55.0,75.0,65.0,30.0,45.0,37.5,25.0,45.0,35.0,30.0,50.0,40.0
27223,25.0,45.0,35.0,10.0,40.0,25.0,15.0,35.0,25.0,15.0,35.0,25.0,20.0,45.0,32.5,15.0,40.0,25.0,25.0,45.0,35.0,5.0,20.0,10.0,10.0,30.0,20.0,15.0,45.0,30.0
27222,60.0,80.0,70.0,15.0,25.0,20.0,25.0,40.0,30.0,25.0,40.0,32.5,45.0,60.0,50.0,35.0,65.0,50.0,30.0,70.0,55.0,65.0,85.0,75.0,60.0,80.0,70.0,60.0,80.0,70.0
27221,25.0,55.0,40.0,10.0,25.0,15.0,10.0,30.0,18.5,10.0,30.0,15.0,10.0,30.0,20.0,15.0,30.0,22.5,15.0,35.0,25.0,15.0,35.0,25.0,30.0,60.0,45.0,15.0,25.0,20.0
27220,50.0,70.0,60.0,25.0,55.0,35.0,40.0,60.0,50.0,50.0,70.0,60.0,40.0,70.0,55.0,40.0,70.0,55.0,30.0,50.0,40.0,30.0,60.0,45.0,15.0,45.0,30.0,30.0,60.0,45.0
27219,60.0,75.0,68.0,70.0,85.0,77.5,60.0,85.0,72.0,70.0,90.0,80.0,45.0,70.0,57.5,60.0,80.0,70.0,30.0,60.0,45.0,40.0,60.0,52.0,30.0,60.0,45.0,25.0,45.0,35.0
27200,15.0,25.0,20.0,20.0,40.0,30.0,5.0,15.0,10.0,20.0,40.0,30.0,5.0,20.0,10.5,0.1,5.0,1.0,0.5,5.0,2.0,0.1,1.0,0.25,0.5,5.0,2.0,0.5,5.0,2.0
27161,70.0,85.0,77.5,60.0,80.0,70.0,70.0,85.0,77.5,65.0,75.0,70.0,60.0,80.0,70.0,75.0,90.0,85.0,82.5,92.5,87.5,75.0,90.0,85.0,75.0,90.0,85.0,80.0,95.0,90.0
27160,10.0,25.0,15.0,25.0,40.0,32.5,25.0,50.0,37.5,30.0,45.0,37.5,20.0,35.0,27.5,5.0,20.0,12.5,15.0,30.0,22.5,15.0,25.0,20.0,15.0,35.0,25.0,15.0,35.0,25.0
27159,5.0,15.0,10.0,15.0,25.0,20.0,10.0,20.0,15.0,5.0,15.0,10.0,10.0,20.0,14.0,2.5,7.5,5.0,0.5,5.0,2.0,0.5,5.0,2.0,1.5,7.5,3.5,2.5,7.5,5.0
27158,20.0,40.0,30.0,15.0,35.0,25.0,25.0,35.0,30.0,20.0,40.0,30.0,3.0,10.0,6.5,25.0,45.0,35.0,5.0,20.0,10.0,25.0,45.0,35.0,0.1,2.0,0.5,6.5,12.5,8.5
27157,25.0,40.0,32.5,20.0,40.0,30.0,20.0,35.0,27.0,20.0,40.0,30.0,20.0,35.0,27.0,2.5,7.5,5.0,3.5,8.5,5.5,2.5,7.5,5.0,5.0,15.0,10.0,5.0,15.0,10.0
27141,25.0,45.0,35.0,35.0,55.0,45.0,60.0,80.0,70.0,45.0,70.0,57.5,55.0,75.0,65.0,55.0,75.0,65.0,55.0,75.0,65.0,25.0,45.0,35.0,30.0,60.0,45.0,75.0,90.0,82.5
27140,60.0,80.0,70.0,60.0,80.0,70.0,50.0,70.0,65.0,60.0,80.0,70.0,65.0,85.0,75.0,75.0,95.0,85.0,60.0,75.0,67.5,65.5,80.5,73.0,40.0,70.0,55.0,60.0,75.0,67.5
27138,65.0,85.0,75.0,60.0,85.0,72.5,65.0,85.0,75.0,55.5,75.5,65.5,65.0,85.0,75.0,60.0,75.0,67.5,75.0,90.0,85.0,55.0,75.0,65.0,55.0,75.0,65.0,65.0,85.0,75.0
27137,0.1,9.9,5.0,0.1,5.0,1.0,0.1,1.0,0.5,1.0,3.0,1.5,0.1,5.0,0.5,0.1,5.0,1.0,0.1,1.0,0.25,0.1,5.0,1.0,0.1,1.0,0.25,0.1,2.0,0.5
27136,5.0,15.0,8.5,10.0,25.0,15.0,15.0,35.0,25.0,20.0,35.0,27.5,5.0,15.0,10.0,5.0,15.0,10.0,25.0,45.0,35.0,5.0,15.0,10.0,5.0,15.0,10.0,5.0,15.0,10.0
27135,60.0,80.0,70.0,70.0,90.0,80.0,65.0,85.0,75.0,50.0,70.0,60.0,60.0,80.0,70.0,55.0,75.0,65.0,55.0,75.0,65.0,30.0,60.0,45.0,30.0,60.0,45.0,55.0,75.0,65.0
27134,55.0,75.0,65.0,58.0,75.0,66.5,60.0,80.0,70.0,52.0,78.0,65.0,55.0,65.0,60.0,55.0,65.0,60.0,55.0,70.0,62.5,70.0,85.0,77.5,55.0,75.0,65.0,55.2,69.8,62.5
27133,70.0,85.0,77.5,70.0,85.0,77.5,70.0,85.0,77.5,60.0,80.0,70.0,65.0,85.0,75.0,30.0,50.0,40.0,55.0,75.0,65.0,15.0,40.0,25.0,55.0,75.0,65.0,25.0,45.0,35.0
27132,15.0,30.0,22.0,10.0,25.0,15.0,20.0,40.0,25.0,20.0,40.0,30.0,15.0,25.0,19.5,25.0,45.0,35.0,55.0,75.0,65.0,15.0,35.0,25.0,15.0,35.0,25.0,35.0,65.0,50.0
27089,93.0,98.0,95.5,85.0,95.0,90.0,80.0,95.0,90.0,85.0,95.0,90.0,75.0,95.0,85.0,92.5,98.5,95.0,85.0,95.0,90.0,85.0,95.0,90.0,85.0,95.0,90.0,92.5,98.5,96.5
27088,2.0,4.0,3.0,5.0,12.0,8.0,1.0,5.0,2.5,1.0,5.0,3.0,2.0,5.0,3.5,0.1,0.3,0.15,0.5,3.0,1.0,0.1,1.0,0.25,0.1,1.5,0.5,0.1,2.0,0.5
27087,70.0,85.0,78.0,60.0,80.0,70.0,60.0,85.0,72.5,70.0,85.0,77.5,60.0,80.0,70.0,75.0,90.0,82.5,55.0,75.0,65.0,65.0,80.0,72.5,75.0,90.0,82.5,75.0,90.0,82.5
27086,65.0,85.0,75.0,70.0,85.0,77.5,60.0,80.0,70.0,60.0,80.0,70.0,60.0,75.0,67.5,85.0,95.0,90.0,75.5,89.9,84.5,65.0,80.0,72.5,75.5,85.5,80.5,75.5,85.5,80.5
27085,20.0,40.0,30.0,10.0,30.0,20.0,20.0,40.0,30.0,30.0,50.0,40.0,30.0,50.0,40.0,55.0,75.0,65.0,40.0,70.0,55.0,40.0,70.0,55.0,55.0,75.0,65.0,55.0,75.0,65.0
27039,1.0,10.0,3.0,1.0,10.0,5.0,0.1,5.0,2.5,1.0,5.0,3.0,0.1,5.0,1.5,5.0,25.0,15.0,5.0,15.0,10.0,15.0,35.0,25.0,5.0,25.0,15.0,5.0,15.0,10.0
27022,75.0,85.0,80.0,60.0,80.0,70.0,60.0,85.0,75.0,65.0,85.0,75.0,70.0,85.0,77.5,75.0,90.0,85.0,75.0,95.0,85.0,80.0,95.0,90.0,65.0,85.0,75.0,85.0,95.0,90.0
27021,60.0,75.0,67.0,40.0,60.0,50.0,35.0,55.0,40.0,40.0,60.0,50.0,55.0,79.0,67.5,60.0,75.0,67.5,40.0,60.0,52.0,60.0,75.0,67.5,60.0,80.0,70.0,30.0,45.0,37.5
27020,20.0,40.0,30.0,30.0,50.0,40.0,15.0,30.0,22.0,20.0,40.0,30.0,35.0,55.0,45.0,1.5,7.5,3.0,5.0,15.0,10.0,5.0,15.0,10.0,5.0,15.0,10.0,2.5,7.5,5.0
27019,20.0,40.0,30.0,55.0,75.0,65.0,25.0,45.0,35.0,35.0,65.0,50.0,35.0,55.0,45.0,20.0,40.0,30.0,15.0,35.0,25.0,55.0,75.0,65.0,30.0,60.0,45.0,30.0,60.0,45.0
27018,5.0,20.0,12.0,2.0,7.0,4.5,2.0,5.0,3.0,5.0,10.0,7.5,0.2,3.0,1.5,15.0,45.0,30.0,1.5,8.0,3.5,5.0,20.0,10.0,15.0,35.0,25.0,0.5,5.0,2.0
27017,0.5,2.5,1.0,1.0,3.0,1.5,0.1,5.0,1.0,0.1,2.0,0.5,0.1,3.5,1.0,0.1,1.0,0.5,0.1,1.0,0.5,0.1,1.0,0.2,0.1,2.0,0.5,0.1,1.0,0.2
26986,10.0,15.0,12.0,5.0,15.0,10.0,10.0,20.0,15.0,20.0,30.0,25.0,10.0,25.0,15.0,25.0,45.0,35.0,25.0,45.0,35.0,40.0,70.0,55.0,30.0,50.0,40.0,30.0,50.0,40.0
26985,10.0,30.0,20.0,10.0,20.0,15.0,20.0,35.0,25.0,10.0,30.0,20.0,15.0,30.0,20.0,30.0,50.0,40.0,25.0,45.0,35.0,15.0,35.0,25.0,25.0,45.0,35.0,35.0,65.0,50.0
26984,25.0,40.0,30.0,20.0,40.0,30.0,30.0,60.0,45.0,15.0,30.0,22.5,15.0,25.0,20.0,75.0,85.0,80.0,60.0,75.0,67.5,60.0,80.0,70.0,55.0,75.0,65.0,60.0,80.0,70.0
26983,20.0,40.0,30.0,25.0,40.0,32.0,25.0,35.0,30.0,30.0,50.0,40.0,70.0,85.0,75.0,60.0,80.0,70.0,60.0,80.0,70.0,65.0,85.0,75.0,55.0,75.0,65.0,60.0,75.0,67.5
26982,65.0,80.0,72.5,60.0,80.0,70.0,60.0,80.0,70.0,70.0,85.0,78.0,70.0,85.0,77.5,85.0,95.0,90.0,85.0,95.0,90.0,85.0,95.0,90.0,80.0,95.0,87.5,85.0,95.0,90.0
26981,75.0,90.0,82.5,80.0,95.0,90.0,80.0,95.0,87.5,75.0,95.0,85.0,75.0,85.0,80.0,85.0,95.0,90.0,85.0,95.0,90.0,92.5,98.5,96.0,85.0,95.0,90.0,85.0,95.0,90.0
26980,80.0,95.0,87.5,85.0,95.0,90.0,85.0,95.0,90.0,75.0,85.0,81.0,85.0,95.0,90.0,85.0,95.0,90.0,75.0,95.0,85.0,85.0,95.0,90.0,85.0,95.0,90.0,80.5,95.9,88.2
26979,85.0,95.0,90.0,80.0,95.0,88.0,85.0,95.0,90.0,85.0,95.0,90.0,78.0,92.0,85.0,85.0,98.0,93.5,85.0,95.0,90.0,85.0,95.0,90.0,75.0,95.0,85.0,85.0,95.0,90.0
26978,85.0,95.0,90.0,80.0,95.0,87.5,75.0,95.0,85.0,85.0,99.0,92.5,80.0,95.0,88.5,75.0,90.0,82.5,85.0,95.0,90.0,85.5,95.9,92.0,85.0,95.0,90.0,85.5,95.5,90.5
26977,85.0,95.0,90.0,92.0,98.0,95.0,80.0,95.0,87.5,85.0,95.0,90.0,78.0,94.0,88.5,85.0,95.0,90.0,92.5,98.5,96.0,85.0,95.0,90.0,80.0,95.0,88.5,75.0,90.0,85.0
26976,60.0,80.0,70.0,55.0,75.0,65.0,40.0,60.0,45.0,45.0,75.0,60.0,60.0,80.0,70.0,35.0,65.0,50.0,30.0,70.0,55.0,55.0,75.0,65.0,35.0,65.0,50.0,55.0,75.0,65.0
26975,15.0,25.0,19.0,10.0,25.0,18.0,5.0,20.0,12.5,10.0,25.0,17.5,20.0,35.0,27.5,5.0,15.0,10.0,5.0,15.0,10.0,10.0,25.0,15.0,5.0,15.0,10.0,5.0,20.0,10.0
26959,45.0,60.0,52.5,60.0,75.0,67.5,40.0,60.0,50.0,30.0,50.0,40.0,60.0,85.0,72.5,55.0,75.0,65.0,70.0,90.0,80.0,70.0,85.0,78.0,25.0,45.0,35.0,75.0,90.0,82.5
26958,25.0,45.0,35.0,20.0,40.0,30.0,30.0,50.0,40.0,20.0,40.0,30.0,40.0,60.0,50.0,30.0,45.0,37.5,30.0,50.0,40.0,35.0,55.0,45.0,15.0,35.0,25.0,30.0,50.0,40.0
26957,20.0,35.0,27.5,5.0,15.0,10.0,25.0,35.0,29.5,20.0,30.0,25.0,20.0,40.0,30.0,15.0,35.0,25.0,15.0,35.0,25.0,15.0,35.0,25.0,15.0,35.0,25.0,15.0,35.0,25.0
26918,30.0,70.0,45.0,30.0,50.0,40.0,75.0,85.0,80.0,35.0,55.0,40.0,30.0,50.0,40.0,60.0,80.0,70.0,40.0,60.0,52.0,45.0,75.0,60.0,35.0,55.0,45.0,55.0,75.0,65.0
26916,70.0,90.0,80.0,80.0,95.0,90.0,75.5,97.5,86.5,85.0,95.0,90.0,80.0,95.0,87.5,65.0,85.0,75.0,75.0,90.0,82.5,65.0,85.0,75.0,75.5,89.9,83.0,65.0,85.0,75.0
26915,75.0,90.0,85.0,75.0,90.0,83.0,70.0,90.0,80.0,84.0,95.0,89.5,75.0,90.0,85.0,65.0,85.0,75.0,80.0,95.0,90.0,85.0,95.0,90.0,65.0,85.0,75.0,85.0,95.0,90.0
26914,30.0,50.0,40.0,18.0,28.0,23.0,35.0,50.0,42.5,30.0,40.0,35.0,15.0,30.0,22.0,40.0,60.0,51.0,15.0,30.0,22.5,25.0,45.0,35.0,40.0,60.0,52.0,15.0,30.0,22.5
26913,25.0,45.0,35.0,20.0,40.0,30.0,60.0,80.0,70.0,50.0,60.0,55.0,40.0,60.0,50.0,15.0,35.0,25.0,25.5,45.5,35.5,45.0,65.0,55.0,30.0,45.0,37.5,15.0,25.0,20.0
26844,10.0,30.0,20.0,5.0,15.0,10.0,10.0,30.0,15.0,10.0,30.0,20.0,5.0,15.0,10.0,0.1,2.0,0.5,0.1,5.0,1.0,0.1,1.0,0.5,0.5,5.0,2.0,5.0,15.0,10.0
26842,25.0,45.0,35.0,25.0,45.0,35.0,30.0,50.0,40.0,30.0,50.0,40.0,45.0,65.0,55.0,15.0,35.0,25.0,15.0,35.0,25.0,25.0,45.0,35.0,15.0,35.0,25.0,5.0,15.0,10.0
26841,10.0,30.0,20.0,25.0,50.0,35.0,25.0,45.0,35.0,10.0,25.0,15.0,18.0,35.0,27.5,15.0,40.0,25.0,15.0,35.0,25.0,25.0,45.0,35.0,5.5,15.5,10.5,5.5,15.5,10.5
26840,40.0,70.0,55.0,50.0,75.0,60.0,55.0,75.0,65.0,55.0,75.0,65.0,58.0,72.0,65.0,65.0,80.0,72.5,45.0,65.0,55.0,60.0,80.0,70.0,51.0,65.0,58.0,45.0,65.0,55.0
26839,70.0,85.0,77.5,75.0,90.0,85.0,60.0,80.0,70.0,75.0,85.0,80.0,70.0,85.0,77.5,75.0,90.0,85.0,75.0,90.0,85.0,75.0,90.0,85.0,65.0,85.0,75.0,75.0,90.0,85.0
26838,55.0,75.0,65.0,60.0,80.0,70.0,55.0,75.0,65.0,60.0,80.0,70.0,55.0,75.0,65.0,60.0,75.0,67.5,55.0,75.0,65.0,65.0,80.0,72.5,60.0,80.0,70.0,30.0,50.0,40.0
26837,0.1,5.0,1.0,0.1,5.0,0.5,0.1,5.0,0.5,0.1,5.0,1.0,0.1,5.0,1.0,0.5,5.0,1.5,0.1,2.0,0.5,0.1,2.0,0.5,0.1,5.0,1.5,0.1,2.0,0.5
26821,40.0,60.0,50.0,70.0,85.0,77.5,40.0,60.0,50.0,60.0,80.0,70.0,15.0,35.0,25.0,75.0,90.0,85.0,55.0,75.0,65.0,65.0,85.0,75.0,70.0,85.0,77.5,55.0,75.0,65.0
26820,0.5,5.0,1.0,0.1,5.0,2.5,5.0,15.0,10.0,5.0,15.0,10.0,5.0,15.0,10.0,5.0,15.0,10.0,5.0,25.0,15.0,5.5,15.5,10.5,0.5,5.0,2.0,2.5,12.5,5.0
26819,50.0,75.0,65.0,10.0,20.0,15.0,25.0,40.0,30.0,25.0,55.0,35.0,5.0,15.0,10.0,5.0,20.0,10.0,65.0,85.0,75.0,30.0,50.0,40.0,40.0,60.0,51.0,40.0,70.0,55.0
26818,40.0,70.0,58.0,5.0,20.0,10.0,65.0,80.0,73.5,25.0,45.0,35.0,30.0,70.0,50.0,65.0,85.0,75.0,60.0,80.0,70.0,65.0,85.0,75.0,65.0,85.0,75.0,70.0,85.0,77.5
26817,10.0,30.0,20.0,10.0,30.0,20.0,5.0,15.0,10.0,10.0,20.0,15.0,10.0,35.0,20.0,5.0,15.0,10.0,0.1,5.0,1.0,5.0,15.0,10.0,5.0,15.0,10.0,5.0,15.0,10.0
26816,45.0,70.0,60.0,45.0,65.0,55.0,30.0,60.0,45.0,55.0,75.0,63.0,30.0,45.0,37.5,65.0,85.0,75.0,65.0,85.0,75.0,55.0,75.0,65.0,33.0,60.0,46.5,45.0,70.0,58.0
26781,25.0,35.0,30.0,15.0,30.0,22.5,20.0,40.0,30.0,30.0,50.0,40.0,20.0,40.0,30.0,15.0,35.0,25.0,15.0,30.0,22.5,15.0,35.0,25.0,15.0,30.0,22.5,15.0,35.0,25.0
26780,20.0,35.0,27.5,30.0,50.0,40.0,45.0,65.0,55.0,30.0,55.0,45.0,40.0,55.0,47.5,55.0,75.0,65.0,55.0,75.0,65.0,65.0,80.0,72.5,65.0,85.0,75.0,65.0,85.0,75.0
26779,50.0,70.0,60.0,40.0,60.0,50.0,20.0,50.0,35.0,10.0,25.0,18.0,25.0,55.0,40.0,15.0,35.0,25.0,25.0,45.0,35.0,15.0,30.0,22.5,15.0,35.0,25.0,5.5,15.5,10.5
26778,30.0,50.0,40.0,35.0,55.0,45.0,30.0,50.0,40.0,40.0,60.0,50.0,40.0,60.0,50.0,10.0,30.0,20.0,15.0,45.0,30.0,30.0,60.0,45.0,15.0,30.0,22.5,25.0,45.0,35.0
26777,35.0,50.0,42.5,40.0,60.0,50.0,55.0,75.0,65.0,45.0,65.0,55.0,30.0,70.0,50.0,30.0,60.0,45.0,35.0,65.0,50.0,25.0,45.0,35.0,55.0,75.0,65.0,25.0,45.0,35.0
26776,20.0,40.0,30.0,20.0,40.0,30.0,5.0,15.0,10.0,20.0,40.0,30.0,10.0,30.0,20.0,15.0,30.0,22.5,20.0,40.0,30.0,15.0,25.0,20.0,15.0,25.0,20.0,15.0,35.0,25.0
26775,10.0,20.0,15.0,20.0,40.0,30.0,15.0,25.0,20.0,15.0,30.0,22.0,10.0,20.0,15.0,25.0,45.0,35.0,30.0,60.0,45.0,20.0,40.0,30.0,15.0,35.0,25.0,25.0,45.0,35.0
26774,5.0,10.0,7.5,10.0,25.0,15.0,15.0,25.0,20.0,15.0,25.0,20.0,5.0,15.0,10.0,10.0,30.0,20.0,15.0,30.0,22.5,15.0,35.0,25.0,15.0,35.0,25.0,15.0,30.0,22.5
26773,5.0,15.0,10.0,10.0,20.0,15.0,8.0,16.0,10.0,10.0,30.0,20.0,10.0,20.0,15.0,10.0,25.0,15.0,15.0,30.0,22.5,15.0,30.0,22.5,8.5,18.5,13.0,5.0,15.0,10.0
26772,25.0,40.0,32.5,25.0,50.0,37.5,20.0,35.0,25.0,20.0,35.0,27.5,15.0,25.0,20.0,15.0,30.0,22.5,8.5,18.5,13.5,15.0,30.0,22.5,15.0,30.0,22.5,15.0,30.0,22.5
26771,60.0,80.0,70.0,75.0,85.0,80.0,70.0,85.0,77.5,65.0,90.0,77.5,60.0,80.0,70.0,55.0,75.0,65.0,55.0,75.0,65.0,45.0,65.0,55.0,55.0,75.0,65.0,40.0,60.0,50.0
26706,5.0,15.0,10.0,10.0,20.0,12.5,10.0,20.0,15.0,20.0,40.0,30.0,10.0,30.0,15.0,5.0,15.0,10.0,5.0,15.0,10.0,15.0,30.0,22.5,15.0,30.0,22.5,10.0,30.0,20.0
26705,15.0,30.0,20.0,5.0,15.0,10.0,30.0,50.0,40.0,30.0,70.0,50.0,20.0,40.0,30.0,20.0,45.0,32.5,60.0,80.0,70.0,65.0,85.0,75.0,75.0,90.0,85.0,55.0,75.0,65.0
26704,30.0,50.0,40.0,15.0,35.0,20.0,5.5,15.5,10.5,20.0,40.0,30.0,25.0,45.0,35.0,10.0,25.0,15.0,10.0,30.0,20.0,15.0,35.0,25.0,5.0,20.0,10.0,5.0,15.0,10.0
26703,20.0,30.0,25.0,10.0,25.0,17.5,10.0,20.0,15.0,10.0,20.0,15.0,10.0,25.0,15.0,5.5,15.5,10.5,10.0,30.0,20.0,10.0,30.0,20.0,5.0,15.0,10.0,5.0,15.0,10.0
26702,10.0,30.0,20.0,15.0,30.0,25.0,30.0,50.0,40.0,20.0,30.0,25.0,20.0,40.0,30.0,25.0,45.0,35.0,20.0,40.0,30.0,30.0,45.0,37.5,25.0,35.0,30.0,15.0,25.0,20.0
26701,70.0,90.0,80.0,80.0,95.0,87.5,70.0,90.0,80.0,70.0,85.0,77.0,65.0,85.0,75.0,65.5,85.5,75.5,65.0,85.0,75.0,75.0,85.0,80.0,70.5,85.3,78.0,65.0,85.0,75.0
26700,85.0,95.0,90.0,75.0,85.0,80.0,85.0,95.0,90.0,85.0,95.0,90.0,85.0,95.0,90.0,85.5,95.5,92.0,85.0,95.0,90.0,75.0,90.0,82.5,92.5,97.5,95.0,92.5,98.5,95.5
26683,30.0,50.0,40.0,25.0,40.0,32.5,25.0,40.0,33.0,25.0,40.0,30.0,20.0,40.0,30.0,45.0,65.0,55.0,20.0,40.0,30.0,25.0,45.0,35.0,20.0,40.0,30.0,15.0,30.0,22.5
26671,40.0,70.0,55.0,40.0,70.0,55.0,45.0,65.0,55.0,45.0,65.0,55.0,40.0,60.0,50.0,15.0,35.0,25.0,20.0,40.0,30.0,40.0,60.0,50.0,40.0,60.0,50.0,25.0,45.0,35.0
26670,30.0,50.0,40.0,50.0,70.0,60.0,20.0,40.0,30.0,30.0,50.0,40.0,40.0,60.0,50.0,40.0,60.0,50.0,15.0,35.0,25.0,20.0,45.0,32.5,55.0,70.0,62.5,25.0,45.0,35.0
26669,0.1,5.0,1.0,1.0,5.0,3.0,0.1,1.5,0.5,0.1,5.0,2.5,0.1,1.0,0.5,5.0,15.0,10.0,5.0,15.0,10.0,0.5,5.0,2.0,1.0,10.0,3.0,0.5,5.0,2.0
26668,95.0,99.0,97.5,95.0,99.0,98.0,90.0,99.0,95.5,85.0,95.0,90.0,80.0,95.0,90.0,92.5,98.5,96.0,95.0,99.5,98.0,97.5,99.9,99.0,95.0,99.5,98.0,92.5,98.5,96.0
26667,0.1,5.0,1.5,0.1,10.0,5.0,0.5,2.0,1.25,1.0,5.0,2.0,0.1,5.0,2.0,0.1,2.0,0.5,0.1,2.0,0.5,0.1,1.0,0.3,0.1,1.0,0.25,0.1,2.0,0.5
26666,1.0,6.0,3.5,5.0,15.0,10.0,5.0,15.0,10.0,3.0,7.0,5.0,5.0,15.0,10.0,5.0,15.0,10.0,5.5,15.5,10.5,3.5,12.0,7.25,5.5,15.5,10.0,5.0,15.0,10.0
26665,5.0,15.0,10.0,3.0,10.0,5.0,1.0,15.0,3.0,10.0,20.0,15.0,1.0,5.0,2.5,0.1,5.0,1.0,0.5,5.0,2.0,2.0,15.0,5.0,5.0,15.0,10.0,1.0,10.0,5.0
26646,5.0,15.0,10.0,10.0,20.0,15.0,15.0,30.0,22.5,5.0,10.0,7.5,5.0,15.0,10.0,25.0,40.0,32.5,15.0,30.0,22.5,15.0,30.0,22.5,25.0,45.0,35.0,20.0,35.0,27.5
26645,15.0,30.0,20.0,25.0,45.0,35.0,10.0,30.0,20.0,15.0,25.0,20.0,10.0,20.0,15.0,5.0,20.0,10.0,10.0,35.0,20.0,10.0,25.0,15.0,25.0,45.0,35.0,15.0,35.0,25.0
26644,30.0,60.0,45.0,25.0,45.0,35.0,5.0,20.0,10.0,60.0,80.0,70.0,30.0,50.0,40.0,5.0,15.0,10.0,0.1,1.0,0.5,5.0,15.0,10.0,10.0,30.0,20.0,5.0,15.0,10.0
26643,70.0,90.0,85.0,40.0,70.0,55.0,25.0,75.0,50.0,60.0,80.0,70.0,55.0,75.0,65.0,5.0,20.0,10.0,10.0,30.0,20.0,0.1,5.0,1.0,1.0,10.0,5.0,5.0,15.0,10.0
26642,50.0,70.0,60.0,75.0,85.0,80.0,65.0,85.0,75.0,70.0,90.0,80.0,30.0,70.0,50.0,1.0,5.0,2.5,30.0,70.0,51.0,35.0,75.0,55.0,5.0,15.0,10.0,0.1,5.0,1.0
26641,60.0,75.0,67.5,75.0,85.0,80.0,70.0,85.0,80.0,60.0,70.0,65.0,40.0,65.0,52.5,65.0,85.0,75.0,65.0,80.0,72.5,55.0,75.0,65.0,70.0,85.0,77.5,40.0,60.0,51.0
26640,40.0,70.0,55.0,40.0,60.0,50.0,40.0,70.0,55.0,30.0,50.0,40.0,10.1,20.2,15.15,55.0,75.0,65.0,65.0,85.0,75.0,15.0,35.0,25.0,25.0,55.0,40.0,55.0,75.0,65.0
26639,25.0,45.0,35.0,10.0,30.0,20.0,20.0,40.0,30.0,35.0,55.0,45.0,20.0,40.0,30.0,25.0,45.0,35.0,15.0,30.0,22.5,15.0,35.0,25.0,30.0,60.0,45.0,55.0,75.0,65.0
26638,10.0,30.0,20.0,30.0,50.0,40.0,15.0,30.0,22.5,25.0,45.0,35.0,20.0,40.0,30.0,30.0,60.0,45.0,15.0,35.0,25.0,15.0,35.0,25.0,25.0,45.0,35.0,25.0,45.0,35.0
26577,5.0,20.0,10.0,0.5,5.0,2.0,3.0,12.0,7.0,0.1,5.0,1.0,0.5,2.0,1.0,5.0,15.0,10.0,5.0,15.0,10.0,2.5,12.5,5.0,1.0,15.0,5.0,15.0,45.0,30.0
26576,20.0,40.0,30.0,15.0,25.0,20.0,5.0,15.0,10.0,20.0,80.0,70.0,5.0,20.0,12.5,30.0,60.0,45.0,30.0,70.0,55.0,55.0,75.0,65.0,40.0,70.0,55.0,15.0,35.0,25.0
26575,70.0,90.0,80.0,65.0,85.0,75.0,65.0,85.0,75.0,65.0,85.0,75.0,60.0,80.0,70.0,75.0,90.0,85.0,55.0,75.0,65.0,65.0,85.0,75.0,60.0,80.0,70.0,40.0,60.0,50.0
26573,10.0,25.0,17.5,10.0,20.0,15.0,10.0,20.0,15.0,5.0,15.0,10.0,10.0,30.0,20.0,10.0,25.0,15.0,25.0,45.0,35.0,25.0,40.0,32.5,25.0,45.0,35.0,25.0,45.0,35.0
26572,30.0,60.0,45.0,60.0,80.0,70.0,55.0,75.0,65.0,40.0,60.0,50.0,10.0,50.0,25.0,20.0,40.0,30.0,15.0,45.0,30.0,20.0,35.0,27.5,15.0,45.0,30.0,30.0,70.0,50.0
26571,5.0,15.0,10.0,5.0,15.0,10.0,5.0,20.0,12.0,10.0,30.0,20.0,30.0,60.0,45.0,5.0,20.0,10.0,2.0,15.0,7.5,2.5,7.5,5.0,5.0,15.0,10.0,8.0,25.0,15.0
26570,15.0,25.0,20.0,5.0,15.0,10.0,1.0,5.0,3.0,5.0,20.0,12.5,5.0,15.0,10.0,0.5,10.0,3.0,1.0,20.0,5.0,2.0,20.0,10.0,0.5,5.0,2.0,0.5,5.0,2.0
26569,70.0,85.0,77.5,60.0,80.0,70.0,65.0,85.0,75.0,60.0,85.0,72.5,60.0,85.0,75.0,65.0,85.0,75.0,60.0,80.0,70.0,65.0,85.0,75.0,30.0,60.0,45.0,55.0,75.0,65.0
26568,50.0,75.0,65.0,40.0,60.0,50.0,60.0,80.0,70.0,45.0,65.0,55.0,60.0,75.0,65.0,70.0,85.0,77.5,60.0,85.0,72.5,55.0,75.0,65.0,60.0,80.0,70.0,65.0,85.0,75.0
26555,70.0,90.0,80.0,75.0,95.0,85.0,65.0,85.0,75.0,85.0,95.0,90.0,70.0,85.0,77.5,70.0,85.0,77.5,75.0,85.0,80.0,75.0,90.0,85.0,70.0,85.0,80.0,60.0,75.0,67.5
26554,15.0,25.0,20.0,25.0,50.0,35.0,20.0,35.0,25.0,10.0,20.0,15.0,20.0,40.0,25.0,25.0,45.0,35.0,5.0,15.0,10.0,5.0,15.0,10.0,5.0,15.0,10.0,5.0,15.0,10.0
26553,10.0,30.0,20.0,5.0,15.0,8.0,5.0,20.0,12.5,10.0,30.0,20.0,5.0,15.0,10.0,5.0,15.0,10.0,5.0,20.0,10.0,1.5,8.0,3.5,5.0,15.0,10.0,5.0,20.0,10.0
26552,5.0,10.0,7.5,1.0,5.0,2.5,10.0,20.0,15.0,15.0,20.0,17.5,10.0,20.0,15.0,5.0,15.0,10.0,0.1,5.0,1.0,0.5,5.0,2.0,0.1,2.0,0.5,1.5,8.0,3.5
26551,40.0,70.0,55.0,40.0,70.0,50.0,30.0,60.0,45.0,25.0,50.0,37.5,30.0,60.0,45.0,45.0,65.0,55.0,30.0,50.0,40.0,15.0,35.0,25.0,30.0,45.0,37.5,35.0,55.0,45.0
26408,40.0,60.0,50.0,40.0,75.0,60.0,30.0,60.0,45.0,20.0,40.0,30.0,30.0,55.0,42.5,60.0,75.0,67.5,30.0,50.0,40.0,30.0,50.0,40.0,15.0,35.0,25.0,15.0,30.0,20.0
26407,10.0,20.0,15.0,25.0,50.0,35.0,25.0,40.0,30.0,20.0,40.0,27.5,20.0,40.0,30.0,10.0,30.0,20.0,5.0,20.0,10.0,15.0,35.0,25.0,5.0,20.0,10.0,10.0,30.0,20.0
26406,15.0,35.0,25.0,15.0,35.0,25.0,15.0,35.0,25.0,15.0,35.0,25.0,15.0,35.0,25.0,5.0,15.0,10.0,25.0,45.0,35.0,10.0,25.0,15.0,5.0,15.0,10.0,10.0,25.0,15.0
26405,67.5,82.5,75.0,60.0,80.0,70.0,65.0,85.0,75.0,70.0,90.0,80.0,45.0,60.0,55.0,40.0,60.0,52.5,45.0,65.0,55.0,45.0,65.0,55.0,65.0,80.0,72.5,55.0,75.0,65.0
26404,60.0,80.0,70.0,55.0,75.0,65.0,55.0,75.0,65.0,65.0,85.0,75.0,70.0,85.0,77.5,55.0,75.0,65.0,70.0,85.0,77.5,55.0,75.0,65.0,65.0,85.0,75.0,55.0,75.0,65.0
26392,10.0,30.0,20.0,12.5,18.75,15.63,10.0,20.0,15.0,40.0,65.0,52.5,30.0,60.0,45.0,25.0,45.0,35.0,25.0,45.0,35.0,15.0,30.0,20.0,55.0,75.0,65.0,70.0,85.0,77.5
26391,60.0,85.0,72.0,65.0,85.0,75.0,60.0,80.0,70.0,25.0,40.0,32.5,30.0,50.0,40.0,30.0,50.0,40.0,20.0,40.0,30.0,35.0,55.0,45.0,25.0,45.0,35.0,35.0,65.0,50.0
26390,10.0,30.0,20.0,20.0,45.0,32.0,15.0,30.0,22.5,30.0,50.0,40.0,20.0,40.0,30.0,15.0,35.0,25.0,5.5,15.5,10.5,5.0,15.0,10.0,15.0,35.0,25.0,25.0,45.0,35.0
26389,85.0,95.0,90.0,70.0,90.0,80.0,80.0,95.0,87.5,71.0,85.0,78.0,70.0,90.0,85.0,60.0,75.0,67.5,75.0,90.0,85.0,65.0,80.0,72.5,55.0,75.0,65.0,75.0,90.0,85.0
26388,18.0,25.0,20.0,15.0,30.0,22.5,25.0,40.0,32.5,10.0,30.0,20.0,3.5,7.5,5.5,55.0,75.0,65.0,30.0,50.0,40.0,65.0,85.0,75.0,35.0,55.0,45.0,55.0,75.0,65.0
26387,55.0,75.0,65.0,50.0,70.0,60.0,55.0,75.0,65.0,55.0,70.0,62.5,35.0,65.0,50.0,45.0,70.0,57.5,45.0,65.0,55.0,55.0,75.0,65.0,45.0,65.0,55.0,40.0,60.0,48.5
26307,55.0,70.0,62.5,55.0,75.0,65.0,65.0,85.0,75.0,55.0,75.0,65.0,60.0,85.0,72.5,55.0,75.0,65.0,52.0,62.0,57.0,4.05,4.25,4.15,55.0,70.0,62.5,55.0,75.0,65.0
26306,85.0,95.0,90.0,75.0,85.0,80.0,65.0,85.0,75.0,60.0,80.0,70.0,85.0,95.0,90.0,85.0,95.0,90.0,60.0,75.0,67.5,65.0,85.0,75.0,85.0,95.0,90.0,85.0,95.0,90.0
26305,60.0,80.0,70.0,55.0,75.0,65.0,65.0,85.0,75.0,60.0,80.0,70.0,65.0,80.0,72.5,65.0,80.0,72.5,65.0,80.0,72.5,60.0,75.0,67.5,55.0,75.0,65.0,55.0,75.0,65.0
26304,15.0,30.0,22.0,15.0,25.0,20.0,20.0,40.0,30.0,25.0,35.0,30.0,20.0,40.0,30.0,5.0,15.0,10.0,10.0,25.0,15.0,10.0,30.0,20.0,15.0,35.0,25.0,5.0,15.0,10.0
26303,40.0,60.0,50.0,30.0,45.0,37.5,40.0,65.0,52.5,35.0,60.0,50.0,25.0,45.0,35.0,35.0,65.0,50.0,30.0,70.0,55.0,25.0,65.0,45.0,55.0,75.0,65.0,40.0,75.0,60.0
26302,0.1,5.0,1.5,0.5,5.0,2.0,5.0,20.0,12.5,1.0,3.0,2.0,4.8,9.6,7.2,1.5,8.0,3.5,0.1,2.0,0.5,5.0,15.0,10.0,5.0,15.0,10.0,1.5,8.0,3.5
26236,40.0,60.0,50.0,75.0,90.0,82.5,65.0,80.0,74.0,55.55,75.75,66.66,65.0,85.0,75.0,40.0,70.0,55.0,65.0,80.0,72.5,40.0,70.0,55.0,40.0,60.0,50.0,40.0,70.0,55.0
26235,65.0,85.0,75.0,60.0,80.0,70.0,40.0,60.0,50.0,45.0,65.0,54.0,40.0,70.0,55.0,75.0,90.0,85.0,65.0,80.0,72.5,65.0,85.0,75.0,60.0,80.0,70.0,65.0,85.0,75.0
26234,15.0,25.0,20.0,5.0,15.0,10.0,10.0,40.0,25.0,10.0,30.0,20.0,10.0,30.0,20.0,5.0,15.0,10.0,5.0,20.0,12.5,15.0,45.0,30.0,5.0,15.0,10.0,15.0,35.0,25.0
26233,40.0,60.0,50.0,30.0,50.0,40.0,20.0,40.0,30.0,20.0,40.0,30.0,50.0,75.0,62.5,85.0,95.0,90.0,85.0,97.0,93.5,85.0,95.0,90.0,85.0,95.0,90.0,85.0,95.0,90.0
26232,0.5,5.5,1.75,2.0,8.0,5.0,5.0,15.0,10.0,5.0,15.0,10.0,5.0,15.0,10.0,1.5,8.0,3.5,1.5,8.0,3.5,0.1,5.0,1.0,5.0,15.0,10.0,0.5,5.0,2.0
26216,30.0,60.0,45.0,20.0,40.0,30.0,50.0,70.0,60.0,30.0,50.0,40.0,20.0,35.0,28.0,40.0,60.0,52.5,35.0,55.0,45.0,15.0,35.0,25.0,15.0,35.0,25.0,15.0,35.0,25.0
26215,2.0,6.0,3.5,1.0,5.0,2.5,0.5,5.0,2.0,0.5,3.0,1.5,0.5,2.0,1.0,0.1,1.5,0.25,0.1,1.5,0.5,0.1,1.0,0.3,0.1,1.5,0.5,0.2,2.5,0.8
26214,55.0,70.0,62.5,70.0,90.0,77.77,55.0,75.0,65.0,40.0,70.0,55.0,60.0,80.0,70.0,40.0,60.0,50.0,60.0,80.0,70.0,40.0,60.0,50.0,40.0,60.0,50.0,55.0,75.0,65.0
26213,60.0,80.0,70.0,60.0,80.0,70.0,30.0,60.0,45.0,20.0,40.0,30.0,70.0,90.0,80.0,40.0,60.0,50.0,40.0,60.0,51.0,60.0,80.0,70.0,55.0,75.0,65.0,60.0,80.0,70.0
26212,75.0,85.0,80.0,75.0,90.0,82.5,60.0,80.0,70.0,75.0,90.0,82.5,70.0,90.0,80.0,60.0,80.0,70.0,65.0,85.0,75.0,60.0,80.0,70.0,85.0,95.0,90.0,65.0,85.0,75.0
26211,55.0,75.0,62.5,65.0,85.0,75.0,65.0,85.0,75.0,75.0,90.0,85.0,70.0,85.0,77.5,75.0,90.0,85.0,70.0,85.0,77.5,75.0,90.0,85.0,75.0,85.0,80.0,75.0,90.0,85.0
26196,55.0,75.0,65.0,70.0,85.0,77.5,65.0,80.0,72.5,50.0,75.0,62.5,30.0,60.0,45.0,70.0,85.0,77.5,45.0,65.0,55.0,55.0,75.0,65.0,65.0,85.0,75.0,55.0,75.0,65.0
26195,75.0,85.0,80.0,70.0,90.0,80.0,60.0,75.0,68.5,65.0,85.0,75.0,50.0,85.0,65.0,65.0,85.0,75.0,75.0,90.0,85.0,65.0,85.0,75.0,75.0,90.0,82.5,75.0,90.0,82.5
26194,80.0,95.0,90.0,65.0,80.0,77.0,70.0,90.0,80.0,70.0,85.0,77.5,70.0,90.0,80.0,65.0,85.0,75.0,85.0,95.0,90.0,80.0,95.0,87.5,85.0,95.0,90.0,65.0,85.0,75.0
26193,85.0,95.0,90.0,87.0,95.0,91.0,75.0,95.0,85.0,78.0,92.0,86.0,85.0,95.0,90.0,80.0,90.0,85.0,85.0,95.0,90.0,85.0,95.0,90.0,85.0,95.0,90.0,90.0,95.0,92.5
26192,35.0,55.0,45.0,52.0,78.0,65.0,50.0,70.0,60.0,30.0,50.0,40.0,70.0,90.0,80.0,60.0,70.0,65.0,35.0,65.0,50.0,65.0,85.0,75.0,55.0,75.0,65.0,55.0,75.0,65.0
26191,10.0,20.0,15.0,5.0,15.0,8.0,5.0,10.0,7.0,5.0,10.0,7.5,10.0,20.0,15.0,5.0,15.0,10.0,5.0,15.0,10.0,2.5,7.5,5.0,3.5,12.0,7.25,5.0,15.0,10.0
26189,60.0,80.0,70.0,60.0,85.0,75.0,55.0,75.0,65.0,60.0,80.0,70.0,70.0,85.0,77.5,55.0,75.0,65.0,55.0,75.0,65.0,65.0,80.0,72.5,70.0,85.0,78.5,65.0,80.0,72.5
26159,30.0,50.0,40.0,30.0,50.0,40.0,20.0,40.0,30.0,45.0,65.0,55.0,25.0,60.0,42.5,60.0,80.0,70.0,70.0,85.0,77.5,55.0,75.0,65.0,65.0,80.0,72.5,55.0,75.0,65.0
26158,20.0,35.0,27.5,10.45,25.65,17.55,40.0,60.0,50.0,25.0,45.0,35.0,20.0,40.0,30.0,70.0,85.0,78.5,55.0,75.0,65.0,55.0,75.0,65.0,55.0,75.0,65.0,45.0,65.0,55.0
26157,25.0,60.0,45.0,15.0,30.0,20.0,15.0,35.0,25.0,30.0,50.0,40.0,10.0,25.0,15.0,30.0,50.0,40.0,45.0,75.0,60.0,25.0,45.0,35.0,40.0,60.0,50.0,35.0,65.0,50.0
26140,0.1,5.0,2.5,1.0,3.0,2.0,2.0,7.0,3.0,0.5,5.0,2.0,0.5,10.0,2.5,0.1,2.0,0.5,0.5,3.0,1.25,0.1,2.0,0.5,0.2,3.0,1.0,0.5,5.0,2.0
26139,60.0,85.0,72.5,40.0,60.0,50.0,55.0,75.0,65.0,40.0,60.0,50.0,60.0,80.0,70.0,25.0,40.0,32.5,35.0,48.0,41.5,55.0,70.0,62.5,30.0,60.0,45.0,30.0,45.0,37.5
26138,60.0,85.0,72.5,60.0,80.0,75.0,40.0,60.0,50.0,55.0,75.0,67.5,70.0,90.0,80.0,55.0,75.0,65.0,65.0,80.0,72.5,55.0,75.0,65.0,75.0,85.0,80.0,45.0,65.0,55.0
26134,75.0,85.0,80.0,75.0,85.0,80.0,75.0,90.0,82.5,80.0,95.0,87.5,75.0,90.0,82.5,75.0,90.0,85.0,75.0,95.0,85.0,80.0,95.0,90.0,75.0,90.0,85.0,85.0,95.0,90.0
26133,60.0,75.0,65.0,65.0,85.0,77.0,60.0,75.0,65.0,40.0,60.0,50.0,65.0,85.0,75.0,55.0,75.0,65.0,60.0,75.0,67.5,40.0,70.0,55.0,40.0,60.0,51.0,55.0,75.0,65.0
26102,60.0,80.0,70.0,70.0,90.0,80.0,60.0,80.0,70.0,70.0,90.0,80.0,80.0,95.0,87.5,80.0,95.0,90.0,75.0,90.0,85.0,65.0,85.0,75.0,35.0,65.0,45.0,75.0,95.0,85.0
26101,5.0,15.0,10.0,3.0,10.0,6.5,3.0,8.0,5.0,20.0,40.0,28.0,5.0,15.0,10.0,0.1,5.0,1.0,1.5,15.0,5.0,0.5,5.0,2.0,5.0,20.0,10.0,5.0,20.0,10.0
26100,15.0,25.0,20.0,10.0,30.0,20.0,20.0,40.0,30.0,30.0,50.0,40.0,5.0,20.0,12.5,10.0,25.0,15.0,5.0,15.0,10.0,2.0,8.0,5.0,5.0,15.0,10.0,5.0,15.0,10.0
26099,1.0,5.0,3.0,0.5,5.0,3.0,0.5,2.0,1.0,0.5,5.0,2.0,1.0,5.0,3.0,0.1,1.5,0.5,0.1,1.0,0.5,0.1,1.5,0.5,0.1,1.5,0.5,0.1,1.0,0.25
26098,0.1,1.0,0.5,0.1,5.0,2.0,0.1,2.0,1.0,2.0,5.0,3.0,1.0,5.0,3.0,5.0,15.0,10.0,5.0,15.0,10.0,5.0,15.0,10.0,10.0,20.0,15.0,5.0,15.0,10.0
26097,5.0,15.0,10.0,5.0,20.0,10.0,5.0,15.0,10.0,0.5,5.0,2.5,5.0,15.0,10.0,8.5,18.5,13.5,5.0,15.0,10.0,5.0,15.0,10.0,5.0,15.0,10.0,10.0,20.0,15.0
26096,0.1,1.0,0.1,0.1,1.0,0.5,1.0,2.0,1.5,5.0,15.0,10.0,0.1,1.0,0.5,1.0,5.0,2.5,5.0,15.0,10.0,0.5,2.5,1.0,1.5,5.0,2.5,5.0,15.0,10.0
26095,10.0,25.0,17.0,5.0,15.0,10.0,10.0,30.0,18.0,10.0,30.0,18.0,10.0,25.0,15.0,10.5,25.75,18.0,0.5,5.0,2.0,1.5,15.0,5.0,1.5,5.0,3.0,0.1,5.0,1.5
26024,75.0,90.0,82.5,75.0,90.0,85.0,70.0,85.0,77.5,55.0,75.0,65.0,70.0,90.0,80.0,55.0,75.0,65.0,75.0,90.0,85.0,70.0,85.0,77.5,65.0,85.0,75.0,70.0,85.0,78.5
26023,40.0,60.0,50.0,30.0,50.0,40.0,25.0,45.0,35.0,25.0,45.0,35.0,40.0,65.0,52.5,35.0,65.0,50.0,40.0,70.0,55.0,25.0,45.0,35.0,25.0,45.0,35.0,35.0,55.0,45.0
26022,60.0,80.0,70.0,60.0,80.0,70.0,40.0,60.0,50.0,55.0,70.0,62.5,40.0,60.0,50.0,30.0,60.0,45.0,35.0,65.0,50.0,30.0,60.0,45.0,55.0,75.0,65.0,40.0,70.0,55.0
26021,12.0,20.0,16.0,1.5,5.0,3.25,10.0,20.0,15.0,15.0,25.0,20.0,0.7,10.0,5.35,15.0,35.0,25.0,10.0,25.0,15.0,15.0,25.0,20.0,25.0,45.0,35.0,15.0,25.0,20.0
26020,30.0,50.0,40.0,15.0,25.0,20.0,10.0,25.0,15.0,20.0,40.0,33.33,25.0,35.0,30.0,15.0,25.0,20.0,10.0,25.0,15.0,15.0,35.0,25.0,45.0,65.0,55.0,5.0,20.0,10.0
26019,60.0,80.0,70.0,35.0,65.0,50.0,65.0,85.0,75.0,10.0,40.0,25.0,30.0,40.0,35.0,70.0,85.0,78.5,55.0,75.0,65.0,55.0,70.0,62.5,75.0,95.0,85.0,52.0,68.0,60.0
26018,40.0,60.0,50.0,15.0,40.0,27.5,10.0,25.0,17.5,10.0,40.0,25.0,20.0,35.0,30.0,25.0,45.0,35.0,25.0,45.0,35.0,15.0,35.0,25.0,35.0,55.0,45.0,30.0,45.0,37.5
26017,30.0,60.0,45.0,40.0,60.0,50.0,45.0,32.5,32.5,56.7,77.8,66.67,20.0,40.0,25.0,55.0,75.0,65.0,35.0,55.0,45.0,35.0,55.0,45.0,40.0,60.0,50.0,45.0,75.0,60.0
26006,25.0,55.0,35.0,10.0,35.0,18.5,35.0,55.0,45.0,15.0,35.0,20.0,15.0,25.0,20.0,55.0,65.0,60.0,40.0,60.0,50.0,60.0,75.0,70.0,35.0,55.0,45.0,40.0,60.0,50.0
26005,15.0,30.0,22.5,10.0,30.0,15.0,10.0,25.0,17.5,15.0,25.0,20.0,5.0,15.0,10.0,30.0,50.0,40.0,20.0,40.0,30.0,35.0,45.0,40.0,15.0,25.0,20.0,40.0,50.0,45.0
26004,10.0,30.0,20.0,15.0,25.0,20.0,24.0,59.0,35.0,25.0,35.0,30.0,10.0,25.0,15.0,35.0,45.0,40.0,20.0,35.0,27.5,45.0,65.0,55.0,35.0,55.0,45.0,45.0,65.0,55.0
25960,5.0,15.0,10.0,15.0,30.0,20.0,10.0,20.0,15.0,10.0,30.0,20.0,5.0,15.0,10.0,2.5,15.0,7.5,15.0,35.0,25.0,2.5,7.5,5.0,3.5,12.0,7.5,1.5,8.0,3.5
25959,5.0,15.0,10.0,5.0,15.0,10.0,10.0,20.0,15.0,5.0,10.0,7.5,10.0,15.0,12.5,15.0,25.0,20.0,10.0,25.0,15.0,5.0,15.0,10.0,3.5,8.5,5.5,15.0,25.0,20.0
25958,25.0,35.0,30.0,30.0,50.0,40.0,15.0,30.0,20.0,30.0,50.0,40.0,20.0,30.0,25.0,45.0,65.0,55.0,40.0,60.0,52.0,40.0,60.0,50.0,40.0,60.0,50.0,40.0,60.0,50.0
25957,75.0,85.0,80.0,75.0,90.0,85.0,75.0,85.0,80.0,65.0,85.0,75.0,70.0,85.0,77.5,65.0,80.0,72.5,60.0,75.0,67.5,65.0,80.0,72.5,75.0,85.0,80.0,55.0,75.0,65.0
25956,5.0,15.0,10.0,10.0,20.0,15.0,5.0,15.0,10.0,10.0,15.0,12.5,5.0,15.0,10.0,6.5,12.5,8.5,0.5,3.0,1.0,3.5,12.0,7.0,0.5,3.0,1.5,7.5,12.5,10.0
25955,30.0,50.0,40.0,20.0,40.0,30.0,20.0,35.0,27.5,25.0,35.0,30.0,25.0,45.0,35.0,15.0,35.0,25.0,15.0,25.0,20.0,5.5,15.5,10.0,5.5,15.5,10.5,3.5,8.5,6.0
25954,10.0,25.0,15.0,15.0,30.0,22.5,10.0,25.0,17.5,10.1,25.25,18.18,25.0,40.0,35.0,25.0,35.0,30.0,30.0,50.0,40.0,30.0,50.0,40.0,35.0,55.0,45.0,20.0,40.0,30.0
25953,40.0,70.0,55.0,60.0,80.0,70.0,15.0,30.0,22.0,30.0,50.0,40.0,20.0,40.0,30.0,65.0,85.0,75.0,45.0,65.0,55.0,25.0,45.0,35.0,30.0,45.0,37.5,20.0,45.0,35.0
25952,40.0,60.0,50.0,25.0,45.0,35.0,20.0,35.0,27.5,50.0,70.0,60.0,20.0,45.0,30.0,45.0,65.0,55.0,35.0,65.0,50.0,45.0,65.0,55.0,35.0,65.0,50.0,30.0,60.0,45.0
25936,25.0,45.0,35.0,60.0,80.0,70.0,30.0,55.0,40.0,40.0,70.0,55.0,35.0,50.0,42.5,55.0,75.0,65.0,40.0,70.0,55.0,65.0,85.0,75.0,60.0,80.0,70.0,30.0,50.0,40.0
25935,45.0,65.0,55.0,30.0,50.0,40.0,30.0,55.0,42.5,35.0,65.0,50.0,30.0,50.0,40.0,35.0,65.0,50.0,15.0,35.0,25.0,30.0,60.0,45.0,15.0,35.0,25.0,15.0,35.0,25.0
25934,2.0,5.0,3.0,1.0,5.0,3.0,0.5,2.0,1.0,5.0,15.0,10.0,1.0,3.0,2.0,0.1,2.0,0.5,5.0,15.0,10.0,0.1,1.0,0.25,0.1,5.0,1.0,1.5,8.0,3.5
25933,45.0,65.0,55.0,50.0,70.0,60.0,55.0,75.0,65.0,35.0,65.0,45.0,40.0,70.0,55.0,30.0,45.0,37.5,25.0,45.0,35.0,40.0,60.0,45.0,55.0,65.0,60.0,30.0,60.0,45.0
25875,0.1,4.5,1.0,0.1,5.0,2.5,5.0,15.0,10.0,1.0,5.0,3.0,0.5,5.0,1.0,0.5,5.0,2.0,0.5,5.0,2.0,2.5,7.5,5.0,5.5,15.5,8.5,5.0,15.0,10.0
25874,15.0,25.0,18.5,10.0,20.0,15.0,20.0,40.0,30.0,25.0,40.0,32.5,5.0,15.0,10.0,35.0,65.0,45.0,55.0,70.0,62.5,55.0,65.0,60.0,35.0,50.0,42.5,35.0,55.0,45.0
25873,60.0,80.0,72.0,70.0,90.0,80.0,65.0,85.0,75.0,75.0,85.0,80.0,70.0,90.0,80.0,65.0,80.0,72.5,75.0,90.0,82.5,60.0,75.0,67.5,75.0,90.0,82.5,75.0,90.0,85.0
25872,20.0,40.0,30.0,40.0,65.0,50.0,35.0,55.0,45.0,40.0,60.0,50.0,22.0,38.0,30.0,55.0,70.0,62.5,35.0,45.0,40.0,55.0,70.0,62.5,40.0,60.0,50.0,55.0,70.0,62.5
25871,55.0,75.0,65.0,60.0,80.0,70.0,65.0,85.0,75.0,55.0,70.0,62.5,70.0,85.0,77.5,60.0,75.0,67.5,60.0,80.0,70.0,55.0,75.0,65.0,60.0,75.0,67.5,65.0,85.0,75.0
